City_ID,City,Lat,Lng,Max Temp,Humidity,Cloudiness,Wind Speed,Country,Date
0,kabwe,-14.4469,28.4464,299.29,43,0,1.88,ZM,1670050898
1,shingu,33.7333,135.9833,285.86,65,100,2.14,JP,1670050898
2,antakya,36.2066,36.1572,289.9,67,6,0.86,TR,1670050899
3,urumqi,43.801,87.6005,263.68,79,25,2.0,CN,1670050623
4,port-gentil,-0.7193,8.7815,300.13,89,75,2.06,GA,1670050899
5,clyde river,70.4692,-68.5914,253.28,77,100,2.06,CA,1670050899
6,albany,42.6001,-73.9662,278.48,64,100,1.34,US,1670050900
7,ceres,37.5949,-120.9577,279.33,91,100,1.56,US,1670050900
8,ushuaia,-54.8,-68.3,272.96,95,41,2.64,AR,1670050900
9,rikitea,-23.1203,-134.9692,296.64,72,99,6.05,PF,1670050901
10,mingaora,34.7758,72.3625,291.39,26,1,1.92,PK,1670050901
11,bubaque,11.2833,-15.8333,299.21,64,89,4.86,GW,1670050901
12,busselton,-33.65,115.3333,296.38,54,19,9.39,AU,1670050901
13,zhanaozen,43.3,52.8,271.25,36,98,7.26,KZ,1670050902
14,hilo,19.7297,-155.09,297.19,99,88,0.89,US,1670050902
15,honningsvag,70.9821,25.9704,272.01,80,100,8.23,NO,1670050902
16,punta arenas,-53.15,-70.9167,278.21,65,65,4.31,CL,1670050902
17,vao,-22.6667,167.4833,298.68,88,100,3.48,NC,1670050903
18,kaitangata,-46.2817,169.8464,287.9,64,97,2.54,NZ,1670050903
19,lata,40.1629,-8.3327,275.33,87,0,1.95,PT,1670050904
20,cayenne,4.9333,-52.3333,296.17,94,75,1.03,GF,1670050787
21,puerto ayora,-0.7393,-90.3518,292.9,95,88,3.38,EC,1670050904
22,new norfolk,-42.7826,147.0587,300.32,13,7,2.24,AU,1670050904
23,high rock,26.6208,-78.2833,297.18,62,0,10.34,BS,1670050905
24,qaanaaq,77.484,-69.3632,271.85,67,100,6.99,GL,1670050905
25,hithadhoo,-0.6,73.0833,301.25,70,100,6.3,MV,1670050906
26,taoudenni,22.6783,-3.9836,290.99,26,0,2.68,ML,1670050906
27,castro,-24.7911,-50.0119,289.47,95,98,1.8,BR,1670050906
28,kahului,20.8947,-156.47,298.62,81,100,2.68,US,1670050906
29,hinton,53.4001,-117.5857,255.45,94,22,2.75,CA,1670050907
30,ajdabiya,30.7554,20.2263,288.04,54,78,5.0,LY,1670050907
31,katherine,-14.4667,132.2667,311.33,14,100,5.66,AU,1670050907
32,tual,-5.6667,132.75,301.96,67,41,1.4,ID,1670050907
33,okhotsk,59.3833,143.3,247.56,97,86,3.1,RU,1670050907
34,imeni poliny osipenko,52.4201,136.4853,246.82,94,77,1.17,RU,1670050908
35,hami,42.8,93.45,269.7,19,5,1.24,CN,1670050908
36,upernavik,72.7868,-56.1549,273.12,82,25,22.36,GL,1670050908
37,kapaa,22.0752,-159.319,298.33,90,40,6.17,US,1670050634
38,saint-philippe,-21.3585,55.7679,300.92,76,52,2.91,RE,1670050909
39,hermanus,-34.4187,19.2345,289.71,61,99,3.37,ZA,1670050295
40,vaini,-21.2,-175.2,300.06,82,76,5.89,TO,1670050909
41,kruisfontein,-34.0033,24.7314,293.09,57,71,9.15,ZA,1670050909
42,suoyarvi,62.0833,32.35,265.99,82,100,2.22,RU,1670050843
43,ribeira grande,38.5167,-28.7,286.36,72,99,8.05,PT,1670050910
44,trinec,49.6776,18.6708,275.3,85,100,1.05,CZ,1670050910
45,paragominas,-2.9667,-47.4833,295.46,96,100,1.28,BR,1670050910
46,tuktoyaktuk,69.4541,-133.0374,268.74,95,100,10.91,CA,1670050910
47,atuona,-9.8,-139.0333,298.62,80,100,9.08,PF,1670050911
48,ahuimanu,21.4447,-157.8378,295.79,93,100,1.79,US,1670050911
49,lavrentiya,65.5833,-171.0,268.26,84,100,3.52,RU,1670050911
50,qasigiannguit,68.8193,-51.1922,273.29,60,100,12.86,GL,1670050912
51,sitka,57.0531,-135.33,270.95,47,16,0.94,US,1670050912
52,ayagoz,47.9714,80.4392,257.93,91,31,2.87,KZ,1670050912
53,ust-kuyga,70.0167,135.6,252.06,99,100,4.0,RU,1670050913
54,oksfjord,70.2396,22.3479,273.25,89,5,4.5,NO,1670050913
55,nantucket,41.2835,-70.0995,284.23,87,0,3.6,US,1670050913
56,kirillov,59.863,38.3813,262.84,89,100,2.98,RU,1670050914
57,dikson,73.5069,80.5464,257.42,97,100,1.44,RU,1670050914
58,nouadhibou,20.931,-17.0347,290.49,83,0,6.22,MR,1670050914
59,chemal,51.4111,86.005,263.29,66,3,1.64,RU,1670050915
60,avarua,-21.2078,-159.775,299.18,94,20,4.12,CK,1670050915
61,basco,20.4487,121.9702,300.24,76,6,6.26,PH,1670050916
62,khasan,42.4308,130.6434,268.75,50,1,10.46,RU,1670050916
63,leek,53.1625,6.3764,277.13,51,40,6.69,NL,1670050916
64,hofn,64.2539,-15.2082,277.93,67,8,5.0,IS,1670050917
65,flin flon,54.7682,-101.865,251.26,97,92,3.42,CA,1670050917
66,nerchinskiy zavod,51.3088,119.61,245.46,92,23,1.22,RU,1670050918
67,santa maria,-29.6842,-53.8069,294.59,91,100,2.35,BR,1670050860
68,bambous virieux,-20.3428,57.7575,298.51,64,70,4.25,MU,1670050919
69,port alfred,-33.5906,26.891,294.92,64,29,3.58,ZA,1670050919
70,butaritari,3.0707,172.7902,300.72,72,95,7.96,KI,1670050919
71,tuatapere,-46.1333,167.6833,287.8,71,100,2.14,NZ,1670050919
72,wolomin,52.3401,21.2421,273.17,94,100,3.39,PL,1670050630
73,manbij,36.5281,37.9549,287.28,68,0,1.99,SY,1670050920
74,arraial do cabo,-22.9661,-42.0278,296.17,91,100,12.27,BR,1670050920
75,cape town,-33.9258,18.4232,292.65,59,20,6.69,ZA,1670050314
76,nizhniy kuranakh,58.8353,125.4869,250.8,96,100,3.26,RU,1670050921
77,bengkulu,-3.8004,102.2655,297.97,87,100,0.4,ID,1670050921
78,inuvik,68.3499,-133.7218,271.71,90,100,3.6,CA,1670050654
79,tasiilaq,65.6145,-37.6368,274.24,94,100,7.95,GL,1670050922
80,guerrero negro,27.9769,-114.0611,289.61,73,100,2.68,MX,1670050922
81,isangel,-19.55,169.2667,301.0,84,100,5.33,VU,1670050816
82,ampanihy,-24.7,44.75,305.13,36,97,2.71,MG,1670050923
83,bluff,-46.6,168.3333,283.6,78,100,11.82,NZ,1670050923
84,airai,-8.9266,125.4092,295.18,60,100,1.07,TL,1670050923
85,nikolskoye,59.7035,30.7861,265.26,84,100,2.92,RU,1670050924
86,imeni babushkina,59.7573,43.1285,262.67,88,99,2.5,RU,1670050925
87,sapernoye,60.7167,29.9505,267.14,83,100,2.28,RU,1670050824
88,ponta do sol,32.6667,-17.1,289.1,65,34,4.27,PT,1670050925
89,georgetown,5.4112,100.3354,303.11,80,40,2.68,MY,1670050764
90,barrow,71.2906,-156.7887,271.16,100,100,10.29,US,1670050925
91,lucapa,-8.4192,20.7447,296.24,82,99,0.12,AO,1670050926
92,saskylakh,71.9167,114.0833,255.06,97,100,4.41,RU,1670050926
93,skjervoy,70.0311,20.9714,270.15,70,1,5.48,NO,1670050920
94,yellowknife,62.456,-114.3525,237.44,68,40,2.57,CA,1670050927
95,dolores,-36.3132,-57.6792,284.85,92,5,2.19,AR,1670050927
96,itarema,-2.9248,-39.9167,299.27,73,80,6.86,BR,1670050928
97,saldanha,-33.0117,17.9442,290.47,57,68,6.91,ZA,1670050905
98,niigata,37.9022,139.0236,280.88,56,11,6.73,JP,1670050928
99,narsaq,60.9167,-46.05,273.27,99,100,3.36,GL,1670050928
100,yar-sale,66.8333,70.8333,268.2,95,100,8.51,RU,1670050929
101,carnarvon,-24.8667,113.6333,297.15,65,0,7.92,AU,1670050809
102,mar del plata,-38.0023,-57.5575,287.52,94,0,2.24,AR,1670050891
103,port elizabeth,-33.918,25.5701,294.32,85,75,4.92,ZA,1670050929
104,bredasdorp,-34.5322,20.0403,289.85,54,100,3.35,ZA,1670050929
105,yarmouth,41.7057,-70.2286,282.57,90,40,2.24,US,1670050930
106,la ronge,55.1001,-105.2842,254.26,90,100,5.03,CA,1670050930
107,san rafael,-34.6177,-68.3301,296.12,29,3,4.4,AR,1670050930
108,te anau,-45.4167,167.7167,287.42,74,100,2.65,NZ,1670050931
109,saint-francois,46.4154,3.9054,275.75,93,100,0.51,FR,1670050931
110,grindavik,63.8424,-22.4338,277.41,93,0,2.06,IS,1670050931
111,kodiak,57.79,-152.4072,272.82,56,100,1.86,US,1670050931
112,pimentel,-6.8367,-79.9342,291.18,90,85,4.85,PE,1670050932
113,tourlaville,49.6383,-1.5664,279.83,93,100,6.69,FR,1670050932
114,portland,45.5234,-122.6762,279.03,73,100,6.26,US,1670050860
115,yaan,7.3833,8.5667,298.71,27,100,1.46,NG,1670050933
116,kassala,15.451,36.4,301.46,42,0,3.91,SD,1670050933
117,richards bay,-28.783,32.0377,295.16,86,100,6.78,ZA,1670050933
118,mehrabpur,28.1085,68.0254,299.59,16,0,2.09,PK,1670050933
119,svetlyy yar,48.4748,44.781,263.93,38,0,7.13,RU,1670050934
120,mbandaka,0.0487,18.2603,297.33,88,100,1.36,CD,1670050934
121,quatre cocos,-20.2078,57.7625,298.67,63,54,4.86,MU,1670050934
122,kohlu,29.8962,69.252,291.08,19,0,0.42,PK,1670050934
123,mogadishu,2.0371,45.3438,301.04,73,31,6.07,SO,1670050877
124,los llanos de aridane,28.6585,-17.9182,290.01,87,40,7.2,ES,1670050935
125,hualmay,-11.0964,-77.6139,291.68,90,34,3.62,PE,1670050935
126,hambantota,6.1241,81.1185,303.34,79,40,3.09,LK,1670050935
127,mataura,-46.1927,168.8643,283.42,73,93,1.96,NZ,1670050935
128,bukachacha,52.9833,116.9167,252.85,73,68,1.25,RU,1670050935
129,kushima,31.4583,131.2333,288.01,77,100,2.53,JP,1670050935
130,belaya gora,68.5333,146.4167,247.41,78,100,6.29,RU,1670050936
131,halayhayin,14.1891,121.4075,303.38,79,94,4.72,PH,1670050936
132,seoul,37.5683,126.9778,278.84,78,98,1.18,KR,1670050833
133,dunedin,-45.8742,170.5036,286.37,72,100,2.77,NZ,1670050937
134,tambura,5.6,27.4667,301.37,47,84,2.13,SS,1670050937
135,zhumadian,32.9794,114.0294,279.86,46,100,1.81,CN,1670050937
136,buckeye,33.3703,-112.5838,286.94,71,0,3.09,US,1670050938
137,shakawe,-18.3667,21.85,304.5,19,6,3.39,BW,1670050938
138,paranapanema,-23.3886,-48.7228,292.41,90,87,0.82,BR,1670050938
139,tiarei,-17.5333,-149.3333,300.16,82,90,8.61,PF,1670050938
140,hobart,-42.8794,147.3294,300.52,56,0,10.29,AU,1670050939
141,smithers,54.7804,-127.1743,255.63,98,27,0.23,CA,1670050939
142,lebu,-37.6167,-73.65,286.09,93,74,2.42,CL,1670050939
143,huanta,-12.9333,-74.25,288.28,56,69,0.76,PE,1670050939
144,thompson,55.7435,-97.8558,245.24,76,20,2.57,CA,1670050939
145,ancud,-41.8697,-73.8203,284.48,94,39,2.6,CL,1670050940
146,emerald,-23.5333,148.1667,300.01,37,29,5.92,AU,1670050940
147,tura,25.5198,90.2201,298.63,50,0,1.64,IN,1670050940
148,narasannapeta,18.4167,84.05,301.19,63,81,3.72,IN,1670050940
149,dali,25.7,100.1833,291.08,24,0,3.3,CN,1670050941
150,sinjar,36.3209,41.8754,287.84,61,25,0.6,IQ,1670050941
151,lodwar,3.1191,35.5973,304.89,34,51,9.76,KE,1670050941
152,luxor,25.6989,32.6421,293.62,27,18,1.36,EG,1670050864
153,jinxiang,27.4327,120.6062,288.36,90,100,3.08,CN,1670050941
154,bilibino,68.0546,166.4372,248.26,98,56,1.47,RU,1670050942
155,svetlaya,46.5389,138.3297,265.99,74,23,2.82,RU,1670050942
156,san jeronimo,-11.9472,-75.2829,281.68,58,17,0.46,PE,1670050942
157,kenscoff,18.4506,-72.2869,286.55,84,0,0.68,HT,1670050942
158,roura,4.7263,-52.3274,296.1,94,75,1.03,GF,1670050942
159,kiunga,-6.1219,141.2906,298.78,92,100,1.12,PG,1670050943
160,kununurra,-15.7667,128.7333,313.14,15,100,2.57,AU,1670050943
161,caraquet,47.7941,-64.9386,271.28,65,62,4.5,CA,1670050943
162,cairns,-16.9167,145.7667,302.63,62,75,5.66,AU,1670050804
163,goldsboro,35.3849,-77.9928,284.11,100,75,0.0,US,1670050944
164,jamestown,42.097,-79.2353,282.99,51,100,6.69,US,1670050944
165,yarada,17.65,83.2667,303.33,62,40,4.12,IN,1670050944
166,evensk,61.95,159.2333,260.74,95,100,2.99,RU,1670050944
167,klaksvik,62.2266,-6.589,280.66,95,100,10.28,FO,1670050944
168,iqaluit,63.7506,-68.5145,258.54,84,100,0.33,CA,1670050945
169,mount gambier,-37.8333,140.7667,298.11,34,6,2.65,AU,1670050945
170,roma,43.2128,-75.4557,279.72,58,100,2.68,US,1670050570
171,padang,-0.9492,100.3543,300.18,74,100,1.99,ID,1670050945
172,preobrazheniye,42.9019,133.9064,273.22,50,2,8.9,RU,1670050945
173,marathon,44.9,-89.7668,272.99,88,100,9.77,US,1670050946
174,vaitape,-16.5167,-151.75,300.48,74,80,8.61,PF,1670050946
175,chapaevsk,52.9813,49.7112,262.05,69,0,3.3,RU,1670050946
176,cabo san lucas,22.8909,-109.9124,296.77,83,10,2.67,MX,1670050947
177,gold coast,-28.0,153.4333,298.02,76,40,6.69,AU,1670050947
178,saint-augustin,51.226,-58.6502,259.28,93,98,1.16,CA,1670050947
179,palmer,42.1584,-72.3287,277.95,74,100,3.52,US,1670050947
180,saint george,37.1041,-113.5841,281.45,51,0,1.54,US,1670050948
181,margate,51.3813,1.3862,279.75,81,100,4.02,GB,1670050948
182,gweta,-20.1833,25.2333,303.77,20,5,3.72,BW,1670050948
183,cherskiy,68.75,161.3,245.55,97,12,2.62,RU,1670050948
184,pisco,-13.7,-76.2167,290.18,88,3,0.0,PE,1670050949
185,pacific grove,36.6177,-121.9166,283.2,84,100,1.49,US,1670050949
186,ola,59.5833,151.2833,264.32,68,100,3.64,RU,1670050949
187,ahipara,-35.1667,173.1667,288.59,69,1,3.56,NZ,1670050950
188,volot,57.9278,30.7025,267.66,91,100,3.0,RU,1670050950
189,sistranda,63.7256,8.834,272.13,63,10,2.41,NO,1670050950
190,kodinar,20.7903,70.7031,301.78,35,98,1.98,IN,1670050951
191,cidreira,-30.1811,-50.2056,295.21,96,99,1.25,BR,1670050951
192,kasongo,-4.45,26.6667,296.46,78,100,1.29,CD,1670050951
193,iaciara,-14.0958,-46.6317,293.02,96,100,0.33,BR,1670050951
194,surt,31.2089,16.5887,289.36,53,98,7.61,LY,1670050951
195,kirakira,-10.4544,161.9205,299.04,84,100,0.99,SB,1670050952
196,chuy,-33.6971,-53.4616,291.11,85,100,2.06,UY,1670050952
197,butterworth,5.3991,100.3638,303.17,79,20,2.06,MY,1670050952
198,enshi,30.3,109.4833,282.02,72,96,0.72,CN,1670050952
199,henties bay,-22.116,14.2845,289.17,82,91,3.03,NA,1670050953
200,east london,-33.0153,27.9116,295.67,49,20,9.77,ZA,1670050737
201,mazsalaca,57.8633,25.0547,262.46,97,96,1.28,LV,1670050953
202,fuyang,32.9,115.8167,280.01,46,100,2.93,CN,1670050953
203,manggar,-2.8833,108.2667,301.53,73,100,2.39,ID,1670050954
204,yeppoon,-23.1333,150.7333,300.03,66,0,7.73,AU,1670050954
205,nome,64.5011,-165.4064,273.24,99,100,2.8,US,1670050954
206,dunn,44.95,-91.8835,266.46,90,100,8.75,US,1670050955
207,kisangani,0.5167,25.2,300.37,67,100,1.33,CD,1670050955
208,malakal,9.5334,31.6605,303.98,22,6,5.4,SS,1670050955
209,san patricio,28.017,-97.5169,292.51,97,14,1.02,US,1670050956
210,palmas bellas,9.2319,-80.0867,297.18,88,24,2.66,PA,1670050956
211,dauphin,51.1494,-100.0502,250.71,86,11,5.97,CA,1670050957
212,provideniya,64.3833,-173.3,269.07,82,99,2.56,RU,1670050957
213,mehamn,71.0357,27.8492,271.12,80,6,7.72,NO,1670050958
214,mongoumba,3.6415,18.5936,300.73,65,50,1.47,CF,1670050958
215,kupang,-10.1667,123.5833,305.47,55,20,4.12,ID,1670050958
216,haapiti,-17.5667,-149.8667,300.0,79,99,8.54,PF,1670050958
217,tadine,-21.55,167.8833,300.47,82,100,5.21,NC,1670050959
218,torbay,47.6666,-52.7314,273.3,71,6,2.24,CA,1670050959
219,kushmurun,52.4503,64.6311,257.16,85,23,6.21,KZ,1670050847
220,jacareacanga,-6.2222,-57.7528,295.49,98,100,0.37,BR,1670050960
221,kayerkan,69.3497,87.7602,252.75,99,100,2.49,RU,1670050960
222,namatanai,-3.6667,152.4333,298.49,86,100,3.33,PG,1670050960
223,moree,-29.4667,149.85,302.02,22,1,2.93,AU,1670050960
224,pevek,69.7008,170.3133,252.87,85,36,6.11,RU,1670050961
225,fortuna,40.5982,-124.1573,278.11,82,0,6.17,US,1670050961
226,norman wells,65.282,-126.8329,267.03,98,100,2.01,CA,1670050961
227,ternate,0.8,127.4,301.96,71,82,1.87,ID,1670050962
228,ambatondrazaka,-17.8333,48.4167,300.61,57,79,0.18,MG,1670050962
229,san angelo,31.4638,-100.437,286.69,88,0,2.06,US,1670050962
230,gogrial,8.5332,28.1004,302.13,17,9,3.76,SS,1670050962
231,bhadravati,13.8667,75.7167,302.8,50,6,4.54,IN,1670050963
232,kloulklubed,7.0419,134.2556,300.43,77,100,7.12,PW,1670050963
233,stromness,58.965,-3.296,281.41,84,100,6.26,GB,1670050783
234,homer,59.6425,-151.5483,271.37,75,80,1.34,US,1670050964
235,lagoa,39.05,-27.9833,286.23,66,13,15.47,PT,1670050917
236,yulara,-25.2406,130.9889,310.58,10,10,3.85,AU,1670050964
237,berlevag,70.8578,29.0864,273.04,80,27,1.03,NO,1670050964
238,calamar,10.2511,-74.9146,295.29,93,78,0.98,CO,1670050964
239,shelburne,44.0787,-80.2041,279.59,80,100,9.78,CA,1670050965
240,coxim,-18.5067,-54.76,296.37,92,100,1.18,BR,1670050965
241,tynda,55.1667,124.7167,247.25,94,100,1.49,RU,1670050937
242,tocopilla,-22.092,-70.1979,291.96,61,3,1.88,CL,1670050966
243,kapit,2.0167,112.9333,303.01,73,92,0.4,MY,1670050966
244,carahue,-38.7,-73.1667,285.93,95,91,0.71,CL,1670050966
245,sao filipe,14.8961,-24.4956,295.19,61,99,2.36,CV,1670050967
246,akyab,20.15,92.9,301.53,64,3,3.57,MM,1670050968
247,souillac,-20.5167,57.5167,298.96,64,100,4.09,MU,1670050939
248,bonfim,3.0833,-59.95,297.0,85,100,2.89,BR,1670050968
249,mahebourg,-20.4081,57.7,298.5,65,86,3.68,MU,1670050969
250,nemuro,43.3236,145.575,278.46,66,100,9.61,JP,1670050969
251,rocha,-34.4833,-54.3333,286.91,94,100,0.91,UY,1670050858
252,kalmunai,7.4167,81.8167,301.66,70,100,3.45,LK,1670050969
253,imbituba,-28.24,-48.6703,295.57,96,100,3.46,BR,1670050970
254,san andres,12.5847,-81.7006,300.94,73,1,8.93,CO,1670050971
255,codrington,-38.2667,141.9667,294.27,59,0,4.11,AU,1670050971
256,black river,18.0264,-77.8487,297.87,79,12,3.84,JM,1670050971
257,coahuayana,18.7333,-103.6833,296.66,87,55,1.6,MX,1670050971
258,faya,18.3851,42.4509,289.03,49,0,0.26,SA,1670050972
259,kokoda,-8.8785,147.7407,297.58,93,99,0.4,PG,1670050972
260,paamiut,61.994,-49.6678,273.08,73,100,10.49,GL,1670050973
261,khatanga,71.9667,102.5,252.56,98,94,3.17,RU,1670050973
262,naze,28.3667,129.4833,291.6,88,100,6.93,JP,1670050973
263,randolph,35.7001,-79.8164,281.96,94,75,0.0,US,1670050974
264,mitchell,43.7094,-98.0298,259.12,73,0,3.09,US,1670050974
265,beringovskiy,63.05,179.3167,266.71,76,100,2.85,RU,1670050974
266,kaeo,-35.1,173.7833,289.44,76,96,1.48,NZ,1670050975
267,de-kastri,51.4667,140.7833,256.41,85,100,0.69,RU,1670050975
268,bulawayo,-20.15,28.5833,299.76,29,62,2.98,ZW,1670050942
269,massaguet,12.4755,15.4365,300.13,19,98,5.86,TD,1670050975
270,ondangwa,-17.9167,15.95,302.6,28,22,3.76,NA,1670050975
271,westport,41.1415,-73.3579,283.17,79,75,1.54,US,1670050976
272,coihaique,-45.5752,-72.0662,281.91,94,95,4.68,CL,1670050976
273,hasaki,35.7333,140.8333,285.53,66,89,2.29,JP,1670050976
274,camacha,33.0833,-16.3333,286.83,72,40,2.57,PT,1670050976
275,mayumba,-3.432,10.6554,298.41,82,100,1.39,GA,1670050977
276,nanortalik,60.1432,-45.2371,273.76,98,100,3.51,GL,1670050977
277,meulaboh,4.1363,96.1285,299.24,80,100,0.81,ID,1670050977
278,teya,60.3778,92.6267,253.72,96,94,2.08,RU,1670050978
279,mount isa,-20.7333,139.5,305.02,25,36,4.63,AU,1670050978
280,lompoc,34.6391,-120.4579,288.03,94,100,5.14,US,1670050979
281,murray bridge,-35.1167,139.2667,306.12,18,0,7.14,AU,1670050980
282,wyndham,37.6985,-77.6125,284.34,76,100,0.89,US,1670050980
283,palmares do sul,-30.2578,-50.5097,296.05,90,100,1.12,BR,1670050980
284,toora-khem,52.4675,96.11,252.66,78,92,0.66,RU,1670050980
285,pudozh,61.8099,36.5345,266.02,76,100,2.68,RU,1670050981
286,vila velha,-20.3297,-40.2925,294.79,99,100,3.95,BR,1670050981
287,mardin,37.3131,40.7436,284.36,58,0,1.79,TR,1670050946
288,pangnirtung,66.1451,-65.7125,255.48,98,100,2.83,CA,1670050981
289,tiksi,71.6872,128.8694,251.85,95,100,12.28,RU,1670050982
290,tiznit,29.5833,-9.5,285.92,81,85,1.35,MA,1670050982
291,damaturu,11.747,11.9608,297.08,22,6,3.81,NG,1670050708
292,sangod,24.9167,76.2833,297.17,26,100,1.25,IN,1670050982
293,aklavik,68.2191,-135.0107,270.78,85,100,2.34,CA,1670050982
294,soloneshnoye,51.6544,84.3197,260.47,77,3,0.91,RU,1670050983
295,filadelfia,39.9523,-75.1638,282.78,79,100,0.89,US,1670050866
296,guilin,25.2819,110.2864,280.5,82,100,1.56,CN,1670050875
297,yumen,40.2833,97.2,266.65,66,100,3.5,CN,1670050983
298,chokurdakh,70.6333,147.9167,252.67,93,100,9.34,RU,1670050983
299,prince rupert,54.3161,-130.3201,267.88,54,0,2.77,CA,1670050983
300,otane,-39.8833,176.6333,286.49,77,33,1.32,NZ,1670050984
301,longyearbyen,78.2186,15.6401,276.06,87,40,4.12,SJ,1670050984
302,dubbo,-32.25,148.6167,300.22,26,40,4.63,AU,1670050985
303,ilulissat,69.2167,-51.1,273.16,86,20,1.03,GL,1670050985
304,bom jardim,-7.7958,-35.5872,293.94,93,39,1.26,BR,1670050985
305,avera,33.194,-82.5271,281.88,92,44,1.55,US,1670050986
306,husavik,66.0449,-17.3389,274.7,85,75,1.29,IS,1670050986
307,bagdarin,54.4333,113.6,251.69,73,82,1.39,RU,1670050986
308,talara,-4.5772,-81.2719,292.78,83,62,7.12,PE,1670050987
309,rorvik,64.8621,11.2373,274.21,69,7,2.57,NO,1670050987
310,northam,51.0333,-4.2167,279.48,70,100,7.52,GB,1670050987
311,katangli,51.7102,143.2326,254.37,94,97,1.15,RU,1670050987
312,laguna,38.421,-121.4238,279.44,89,75,0.0,US,1670050987
313,sabang,5.8933,95.3214,300.56,71,86,3.47,ID,1670050988
314,buraydah,26.326,43.975,295.84,26,8,1.29,SA,1670050988
315,stephenville,32.2207,-98.2023,289.57,93,40,1.79,US,1670050988
316,darhan,49.4867,105.9228,255.83,73,27,2.42,MN,1670050988
317,qandala,11.472,49.8728,299.56,60,0,3.38,SO,1670050989
318,panguna,-6.3164,155.4848,294.83,94,100,0.45,PG,1670050989
319,salalah,17.0151,54.0924,302.25,29,0,1.84,OM,1670050858
320,honiara,-9.4333,159.95,298.17,91,100,1.45,SB,1670050977
321,srednekolymsk,67.45,153.6833,234.96,100,38,2.12,RU,1670050989
322,burnie,-41.0667,145.9167,292.01,69,12,2.43,AU,1670050990
323,ponferrada,42.5466,-6.5962,274.82,85,0,0.27,ES,1670050855
324,banjar,-8.19,114.9675,301.77,79,100,0.62,ID,1670050990
325,leningradskiy,69.3833,178.4167,257.24,76,0,3.56,RU,1670050991
326,port lincoln,-34.7333,135.8667,299.66,43,0,2.43,AU,1670050991
327,starkville,33.4504,-88.8184,289.14,98,100,4.16,US,1670050991
328,mtama,-10.3,39.3667,305.47,39,10,3.26,TZ,1670050991
329,venustiano carranza,19.43,-99.0992,288.23,72,7,1.79,MX,1670050974
330,andenes,69.3143,16.1194,273.67,80,0,4.63,NO,1670050992
331,galle,6.0367,80.217,301.67,69,98,3.03,LK,1670050992
332,zvishavane,-20.3267,30.0665,302.77,24,3,3.19,ZW,1670050963
333,sarh,9.1429,18.3923,301.91,27,100,2.39,TD,1670050992
334,hatillo,18.4863,-66.8254,297.07,92,4,0.45,PR,1670050993
335,katsuura,35.1333,140.3,285.79,80,100,3.23,JP,1670050993
336,muzaffargarh,30.0754,71.1921,293.16,15,0,2.77,PK,1670050993
337,sur,22.5667,59.5289,299.53,58,0,2.19,OM,1670050994
338,severo-kurilsk,50.6789,156.125,269.26,73,93,10.14,RU,1670050995
339,hay river,60.8156,-115.7999,256.17,96,100,1.98,CA,1670050995
340,broken hill,-31.95,141.4333,304.77,17,11,4.14,AU,1670050995
341,sidareja,-7.4846,108.7923,301.87,70,89,3.28,ID,1670050995
342,yola,9.2,12.4833,300.06,24,54,1.02,NG,1670050996
343,lorengau,-2.0226,147.2712,301.29,74,100,2.37,PG,1670050996
344,merrill,45.1805,-89.6835,272.12,80,100,7.2,US,1670050996
345,aubenas,44.6201,4.3899,277.69,96,100,1.5,FR,1670050811
346,bethel,41.3712,-73.414,280.2,81,100,3.2,US,1670050997
347,bageshwar,29.85,79.7667,294.77,30,27,1.46,IN,1670050997
348,raudeberg,61.9875,5.1352,276.52,66,69,4.07,NO,1670050997
349,vilyuysk,63.7553,121.6247,248.65,99,100,1.05,RU,1670050997
350,presidencia roque saenz pena,-26.7852,-60.4388,291.2,51,0,1.38,AR,1670050997
351,smolenka,52.1352,113.4974,259.19,43,48,6.0,RU,1670050998
352,alegrete,-29.7831,-55.7919,294.14,91,100,2.21,BR,1670050998
353,damietta,31.4165,31.8133,293.75,62,9,6.23,EG,1670050867
354,kanye,-24.9667,25.3327,300.74,29,70,5.27,BW,1670050998
355,andijon,40.7821,72.3442,277.03,70,100,1.03,UZ,1670050999
356,sao jose da coroa grande,-8.8978,-35.1478,297.22,87,9,4.09,BR,1670050999
357,north bend,43.4065,-124.2243,282.08,97,100,0.45,US,1670050999
358,gat,31.61,34.7642,294.48,100,97,0.6,IL,1670051000
359,kapoeta,4.7717,33.5903,304.32,33,75,11.09,SS,1670051000
360,beruwala,6.4788,79.9828,301.41,71,99,2.68,LK,1670051000
361,inhambane,-23.865,35.3833,302.58,54,0,4.06,MZ,1670051000
362,talnakh,69.4865,88.3972,253.03,98,98,2.93,RU,1670051001
363,tulagi,-9.0996,160.1476,299.4,79,100,2.49,SB,1670051001
364,xiongzhou,25.1167,114.3,288.5,76,71,1.92,CN,1670051001
365,luderitz,-26.6481,15.1594,292.23,46,0,9.19,NA,1670051002
366,belmonte,-15.8631,-38.8828,296.6,89,100,3.47,BR,1670051002
367,nueva guinea,11.6876,-84.4562,294.35,99,85,3.41,NI,1670051002
368,thinadhoo,0.5333,72.9333,300.4,73,84,4.74,MV,1670051003
369,bathsheba,13.2167,-59.5167,299.29,87,22,6.21,BB,1670051003
370,jega,12.2175,4.3792,296.32,31,4,3.8,NG,1670051004
371,ostrovnoy,68.0531,39.5131,265.74,95,70,3.84,RU,1670051004
372,hendrina,-26.1588,29.7153,297.63,39,34,2.9,ZA,1670051004
373,hobyo,5.3505,48.5268,301.35,61,54,7.9,SO,1670051004
374,sao felix do xingu,-6.6447,-51.995,294.34,99,100,0.42,BR,1670051005
375,saint anthony,45.0205,-93.218,263.29,73,75,9.26,US,1670051005
376,wahiawa,21.5028,-158.0236,294.13,80,100,0.0,US,1670051005
377,anito,12.4497,125.2886,300.97,83,59,4.61,PH,1670051005
378,dibulla,11.2725,-73.3091,295.32,82,11,3.55,CO,1670051005
379,arenal,8.4593,-73.9433,295.18,90,100,0.7,CO,1670051006
380,namibe,-15.1961,12.1522,295.22,80,100,2.29,AO,1670051006
381,talcahuano,-36.7167,-73.1167,285.91,86,16,2.54,CL,1670051007
382,leh,34.1667,77.5833,271.53,46,5,1.79,IN,1670051007
383,poros,37.4994,23.4536,286.96,79,100,3.96,GR,1670051007
384,alta floresta,-9.8756,-56.0861,294.13,99,100,0.49,BR,1670051008
385,beloha,-25.1667,45.05,304.1,47,100,1.35,MG,1670051008
386,mananjary,-21.2167,48.3333,302.14,60,16,3.67,MG,1670051009
387,teruel,40.6667,-0.6667,272.33,80,98,2.35,ES,1670051009
388,rudbar,30.15,62.6,285.87,27,0,2.86,AF,1670051009
389,barrhead,55.7992,-4.3929,279.72,94,100,2.06,GB,1670050893
390,muli,2.9167,73.5667,300.53,71,53,3.18,MV,1670051009
391,vuktyl,63.8567,57.3094,258.73,97,100,1.57,RU,1670051010
392,chipinge,-20.1883,32.6236,300.34,33,0,2.31,ZW,1670051010
393,kavieng,-2.5744,150.7967,300.85,76,100,3.75,PG,1670051011
394,asbury park,40.2204,-74.0121,283.15,85,100,2.57,US,1670051011
395,mitu,1.1983,-70.1733,295.46,89,100,1.12,CO,1670051011
396,port macquarie,-31.4333,152.9167,294.2,64,4,3.46,AU,1670051012
397,furano,43.2818,142.4743,270.87,96,100,2.18,JP,1670051012
398,glinka,54.6404,32.8781,268.3,91,100,4.22,RU,1670051012
399,piedras negras,28.7,-100.5167,287.74,95,7,2.11,MX,1670051013
400,kieta,-6.2167,155.6333,299.69,82,99,0.84,PG,1670051013
401,bourail,-21.5667,165.4833,299.61,84,100,1.72,NC,1670050861
402,poum,-20.2333,164.0167,299.91,82,100,1.75,NC,1670051013
403,pakokku,21.3333,95.1,304.29,46,1,2.75,MM,1670051013
404,balkanabat,39.5108,54.3671,280.38,33,100,2.33,TM,1670051013
405,uri,34.0833,74.0333,289.49,28,0,0.87,IN,1670051014
406,goodyear,33.4353,-112.3582,286.86,65,0,2.57,US,1670051014
407,college,64.8569,-147.8028,265.7,88,100,1.06,US,1670051014
408,macusani,-14.0833,-70.4333,273.76,89,68,1.37,PE,1670051014
409,hwange,-18.3693,26.5019,303.38,27,0,2.05,ZW,1670051014
410,umm lajj,25.0213,37.2685,298.46,56,11,3.01,SA,1670050892
411,blumberg,47.8406,8.5333,273.09,91,100,1.87,DE,1670051015
412,saint-pierre,-21.3393,55.4781,300.97,65,0,4.63,RE,1670051016
413,martapura,-3.4167,114.85,304.2,66,40,3.09,ID,1670051016
414,oituz,46.2,26.6167,273.42,87,96,0.73,RO,1670051017
415,vostok,46.4856,135.8833,263.54,95,100,4.01,RU,1670051017
416,victoria,22.2855,114.1577,295.95,75,100,5.36,HK,1670050812
417,dongsheng,39.8161,109.9776,265.91,20,0,3.41,CN,1670051017
418,dossor,47.5272,52.9811,265.65,42,0,7.44,KZ,1670051017
419,fort nelson,58.8053,-122.7002,252.56,83,100,2.24,CA,1670051018
420,guanica,17.9716,-66.908,297.14,87,0,1.83,PR,1670051018
421,calmeca,18.6333,-98.6333,289.92,65,2,1.56,MX,1670051018
422,langsa,4.4683,97.9683,296.65,95,100,2.06,ID,1670051018
423,karonga,-9.9333,33.9333,299.27,67,100,1.38,MW,1670051018
424,bismarck,46.8083,-100.7837,255.06,71,0,3.09,US,1670051018
425,sulangan,11.1373,123.7228,302.25,73,93,2.62,PH,1670051019
426,tazovskiy,67.4667,78.7,267.36,95,100,5.17,RU,1670050954
427,ada,43.4166,-116.1262,268.89,72,0,5.14,US,1670051019
428,byron bay,-28.65,153.6167,293.67,61,15,7.36,AU,1670051020
429,alice springs,-23.7,133.8833,307.9,10,0,5.66,AU,1670051020
430,ankang,32.68,109.0172,284.1,51,94,1.45,CN,1670051020
431,robe,-37.1833,139.75,294.21,52,5,2.77,AU,1670051020
432,puerto maldonado,-12.6,-69.1833,293.01,100,97,1.14,PE,1670051021
433,buala,-8.145,159.5921,299.29,83,100,1.49,SB,1670051021
434,bonavista,48.6499,-53.1147,272.32,71,8,6.41,CA,1670051021
435,sambava,-14.2667,50.1667,300.73,69,20,3.5,MG,1670051021
436,stavern,59.0,10.0333,274.92,81,95,7.79,NO,1670051022
437,kharp,66.8014,65.8081,261.95,85,100,6.19,RU,1670051022
438,thessalon,46.2501,-83.5666,279.31,86,100,7.39,CA,1670051022
439,nogliki,51.8333,143.1667,254.64,90,98,0.66,RU,1670050972
440,polunochnoye,60.8697,60.4153,259.47,87,94,1.54,RU,1670051023
441,nortelandia,-14.4547,-56.8028,296.37,75,100,0.67,BR,1670051023
442,bago,17.3367,96.4797,305.42,51,11,1.78,MM,1670051023
443,oranjemund,-28.55,16.4333,290.0,55,0,6.88,NA,1670051023
444,monrovia,6.3005,-10.7969,298.16,84,47,1.18,LR,1670050885
445,miri,4.4148,114.0089,301.89,73,100,4.32,MY,1670051025
446,powell river,49.8496,-124.5361,274.86,81,91,2.51,CA,1670051025
447,itaituba,-4.2761,-55.9836,295.89,95,100,0.42,BR,1670051025
448,bambanglipuro,-7.95,110.2833,301.06,74,70,4.27,ID,1670051025
449,ardakan,32.31,54.0175,285.28,44,5,1.28,IR,1670051004
450,tabou,4.423,-7.3528,297.81,86,100,2.76,CI,1670051026
451,niquelandia,-14.4739,-48.4597,293.71,95,100,1.14,BR,1670051026
452,clarksburg,39.2807,-80.3445,289.21,38,75,5.66,US,1670051026
453,lahij,13.1667,44.5833,298.95,58,10,3.76,YE,1670051027
454,gangtok,27.3333,88.6167,290.77,49,7,2.95,IN,1670051027
455,esperance,-33.8667,121.9,292.89,68,29,6.72,AU,1670051027
456,tungor,53.3808,142.9564,249.35,96,46,3.64,RU,1670051028
457,senneterre,48.3835,-77.2328,274.43,84,100,7.16,CA,1670051028
458,vestmannaeyjar,63.4427,-20.2734,278.23,76,1,4.75,IS,1670051029
459,clive,41.603,-93.7241,266.61,69,20,11.32,US,1670051029
460,mitsamiouli,-11.3847,43.2844,301.08,71,3,4.57,KM,1670051029
461,bridlington,54.0831,-0.1919,280.11,88,63,6.26,GB,1670051030
462,kijang,35.2442,129.2139,282.71,49,33,2.83,KR,1670051030
463,wilmington,34.2257,-77.9447,290.85,90,100,0.0,US,1670051031
464,eenhana,-17.4667,16.3333,303.2,31,14,2.48,NA,1670051031
465,aykhal,66.0,111.5,258.25,94,100,6.55,RU,1670051031
466,hervey bay,-25.2986,152.8535,295.38,70,0,6.26,AU,1670051031
467,tuyen quang,21.8233,105.2181,295.77,60,48,1.17,VN,1670051032
468,yinchuan,38.4681,106.2731,271.72,20,100,0.82,CN,1670051032
469,chapais,49.7834,-74.8492,271.03,88,100,6.86,CA,1670051032
470,paka,4.6374,103.4368,302.8,79,100,2.27,MY,1670051032
471,bay roberts,47.5999,-53.2648,272.78,74,10,0.45,CA,1670051033
472,saurimo,-9.6608,20.3916,293.32,91,100,0.51,AO,1670051033
473,weihai,37.5017,122.1136,275.35,64,100,8.79,CN,1670050924
474,rundu,-17.9333,19.7667,303.52,23,0,2.96,NA,1670051033
475,bani walid,31.7566,13.9942,288.17,36,79,4.09,LY,1670051034
476,labuhan,-6.8844,112.2051,303.36,64,84,1.25,ID,1670051034
477,chepen,-7.2167,-79.45,291.94,83,100,1.37,PE,1670051034
478,riyadh,24.6877,46.7219,295.23,27,0,4.74,SA,1670051033
479,hecun,36.5333,114.1111,276.45,19,57,3.84,CN,1670051034
480,vegreville,53.5001,-112.0518,248.56,94,14,3.43,CA,1670051035
481,poindimie,-20.9333,165.3333,300.73,85,100,4.02,NC,1670050858
482,zamora,-4.0692,-78.9567,290.53,93,62,2.16,EC,1670051036
483,menongue,-14.6585,17.691,299.01,48,91,2.58,AO,1670051036
484,ishigaki,24.3448,124.1572,300.22,78,75,4.63,JP,1670051036
485,alekseyevskoye,55.3071,50.1135,254.28,94,17,1.98,RU,1670051037
486,qinhuangdao,39.9317,119.5883,272.03,17,7,4.1,CN,1670051037
487,fort saint james,54.4333,-124.25,250.07,100,48,1.07,CA,1670051037
488,calama,-22.4667,-68.9333,280.92,30,16,1.15,CL,1670050925
489,bhanpura,24.513,75.7469,296.7,31,100,2.18,IN,1670051038
490,acapulco,16.8634,-99.8901,298.05,83,20,3.09,MX,1670051038
491,kuytun,54.3419,101.5036,258.73,82,100,5.1,RU,1670051039
492,ponta delgada,37.7333,-25.6667,285.55,62,40,8.23,PT,1670051039
493,hawick,55.4227,-2.7867,276.26,87,100,1.74,GB,1670051039
494,plouzane,48.3833,-4.6167,278.25,90,0,3.6,FR,1670050813
495,santarem,-2.4431,-54.7083,296.27,91,100,1.41,BR,1670051040
496,alofi,-19.0595,-169.9187,300.04,76,60,3.59,NU,1670051040
497,kampot,10.6167,104.1833,301.18,76,81,5.03,KH,1670051040
498,moose factory,51.2585,-80.6094,273.14,100,100,3.09,CA,1670051040
499,solnechnyy,50.7214,136.6319,255.31,96,100,1.21,RU,1670051041
500,sept-iles,50.2001,-66.3821,268.06,80,83,4.76,CA,1670051041
501,minot,48.2325,-101.2963,252.6,77,0,2.57,US,1670051041
502,port hardy,50.6996,-127.4199,274.25,93,75,9.77,CA,1670051042
503,tevaitoa,-16.7833,-151.5,300.41,76,35,8.92,PF,1670051042
504,santa cruz,-17.8,-63.1667,293.36,64,43,2.01,BO,1670051042
505,fare,-16.7,-151.0167,300.3,76,25,9.33,PF,1670051043
506,alugan,12.2188,125.4808,301.09,81,84,5.28,PH,1670051043
507,yashkul,46.1711,45.3435,270.53,58,100,8.53,RU,1670051043
508,ucluelet,48.9329,-125.5528,277.64,86,100,7.01,CA,1670051043
509,brae,60.3964,-1.353,280.99,81,100,8.19,GB,1670051044
510,dalby,-27.1833,151.2667,294.97,52,72,9.37,AU,1670051044
511,chojnow,51.2737,15.9366,271.99,89,99,4.27,PL,1670051044
512,corrientes,-27.4806,-58.8341,297.03,77,5,0.45,AR,1670051025
513,chifeng,42.2683,118.9636,264.73,28,18,7.98,CN,1670051045
514,touros,-5.1989,-35.4608,298.6,78,11,6.32,BR,1670051045
515,omboue,-1.5746,9.2618,298.95,85,100,1.29,GA,1670051045
516,rutland,43.6167,-73.0162,276.22,73,75,6.69,US,1670051045
517,geraldton,-28.7667,114.6,298.38,57,40,6.69,AU,1670051045
518,antofagasta,-23.65,-70.4,290.14,81,46,2.08,CL,1670050866
519,verkhoyansk,67.5447,133.385,249.25,98,100,2.03,RU,1670051046
520,saga,33.2493,130.2988,287.58,39,0,0.57,JP,1670051046
521,sol-iletsk,51.1631,54.9918,259.76,72,18,6.06,RU,1670051046
522,villa carlos paz,-31.4241,-64.4978,291.14,10,0,1.34,AR,1670050828
523,cranbourne,-38.1,145.2833,304.4,45,10,0.89,AU,1670051046
524,prachin buri,14.0833,101.6667,303.6,100,97,3.12,TH,1670051047
525,nhulunbuy,-12.2333,136.7667,306.49,43,100,4.63,AU,1670051047
526,bandarbeyla,9.4942,50.8122,300.45,59,0,9.42,SO,1670051047
527,sisimiut,66.9395,-53.6735,273.01,82,47,17.73,GL,1670051047
528,storforshei,66.4043,14.5233,265.74,85,15,0.0,NO,1670051047
529,dubovka,49.0583,44.829,263.68,45,6,8.09,RU,1670051048
530,deblin,51.5591,21.8483,273.14,42,100,3.82,PL,1670051048
531,dzheguta,43.9671,42.0426,274.66,95,100,2.01,RU,1670051048
532,selje,62.0459,5.351,277.38,66,73,3.08,NO,1670051049
533,ivanteyevka,55.9711,37.9208,261.96,90,100,3.07,RU,1670050859
534,baculin,7.4525,126.5842,302.14,71,88,3.66,PH,1670051049
535,luoyang,34.6836,112.4536,282.09,21,90,4.51,CN,1670051050
536,goure,13.9835,10.2704,296.16,18,0,2.84,NE,1670051050
537,miram shah,33.0086,70.0697,290.39,26,0,0.94,PK,1670051050
538,sorland,67.667,12.6934,277.07,70,75,6.17,NO,1670051050
539,kulhudhuffushi,6.6221,73.07,299.65,77,100,3.0,MV,1670051051
540,san quintin,30.4833,-115.95,287.87,77,100,2.46,MX,1670051051
541,itoman,26.1247,127.6694,291.58,96,75,7.72,JP,1670051051
542,kpandae,8.4689,-0.0113,299.0,73,100,2.18,GH,1670051052
543,vacaville,38.3566,-121.9877,279.5,79,0,4.63,US,1670051052
544,eyl,7.9803,49.8164,302.2,51,0,8.92,SO,1670051052
545,ende,-8.8432,121.6623,303.01,64,28,2.04,ID,1670051052
546,half moon bay,37.4636,-122.4286,282.55,85,75,1.54,US,1670051052
547,yuancheng,36.652,107.7896,272.74,28,100,1.45,CN,1670051052
548,sale,34.0389,-6.8166,286.28,100,40,2.57,MA,1670050934
549,amahai,-3.3333,128.9167,301.43,77,90,2.16,ID,1670051053
550,boyle,37.6334,-84.8666,287.98,87,100,5.14,US,1670051053
551,argir,61.9959,-6.7715,280.69,92,100,8.82,FO,1670051053
552,sakakah,29.9697,40.2064,289.11,62,58,4.42,SA,1670051053
553,west bay,19.3667,-81.4167,300.37,76,0,2.24,KY,1670051054
554,lazaro cardenas,17.9583,-102.2,297.08,84,7,1.86,MX,1670051054
555,maun,-19.9833,23.4167,304.36,18,4,4.55,BW,1670051054
556,oranjestad,12.524,-70.027,299.21,82,15,1.79,AW,1670050869
557,niort,46.3333,-0.3333,276.58,93,100,1.34,FR,1670050806
